{
  "sizes": [
    10,
    20,
    30,
    50,
    80,
    100
  ],
  "methods": [
    "nn",
    "christofides",
    "nn+2opt",
    "christofides+2opt",
    "sa"
  ],
  "lengths": {
    "nn": [
      100.35247935251464,
      122.92098325868828,
      152.84629685660417,
      239.62947982699114,
      348.9024857174249,
      359.89698295024147
    ],
    "christofides": [
      102.00466587367465,
      132.08543736577982,
      136.81380900805232,
      195.11205829172906,
      328.61327213556376,
      323.44533949316786
    ],
    "nn+2opt": [
      98.65048393975727,
      117.62166373481669,
      134.34318831286228,
      184.7017525915887,
      307.77225224186174,
      308.75144705533893
    ],
    "christofides+2opt": [
      98.65048393975727,
      117.62166373481669,
      130.8188374716205,
      180.41999075401367,
      310.60894065884673,
      296.99124478132745
    ],
    "sa": [
      98.65048393975995,
      117.62166373481776,
      128.94391008157945,
      178.30945865683933,
      303.7186343012899,
      297.16455045227275
    ]
  },
  "times": {
    "nn": [
      1.889999839477241e-05,
      5.819999933009967e-05,
      0.0001055999964592047,
      0.00022659999740426429,
      0.0006688000030408148,
      0.0007769999974698294
    ],
    "christofides": [
      5.740000051446259e-05,
      0.00016870000035851263,
      0.0002500000009604264,
      0.0005276999982015695,
      0.0012416000026860274,
      0.0018714999969233759
    ],
    "nn+2opt": [
      7.90999984019436e-05,
      0.0006714000010106247,
      0.00307510000129696,
      0.010613899998134002,
      0.03612799999973504,
      0.0721862999998848
    ],
    "christofides+2opt": [
      0.00010909999764407985,
      0.0007409999998344574,
      0.001622499999939464,
      0.007380299997748807,
      0.033029599999281345,
      0.07569209999928717
    ],
    "sa": [
      0.9848263999992923,
      1.0822408999993058,
      1.0141613000014331,
      1.0637714999975287,
      2.523268500000995,
      2.5922867999979644
    ]
  }
}